{"stats":{"minecraft:custom":{"minecraft:time_since_rest":336489,"minecraft:open_chest":3,"minecraft:crouch_one_cm":808,"minecraft:play_time":505240,"minecraft:sprint_one_cm":153505,"minecraft:deaths":1,"minecraft:damage_taken":940,"minecraft:walk_one_cm":77731,"minecraft:sneak_time":1287,"minecraft:walk_under_water_one_cm":24866,"minecraft:drop":2,"minecraft:jump":682,"minecraft:damage_dealt":345,"minecraft:leave_game":35,"minecraft:walk_on_water_one_cm":1765,"minecraft:time_since_death":336453,"minecraft:total_world_time":505240,"minecraft:fall_one_cm":18845,"minecraft:fly_one_cm":1253134},"minecraft:used":{"minecraft:oak_slab":2,"minecraft:jungle_planks":7,"minecraft:spruce_slab":1,"minecraft:oak_planks":1,"minecraft:spruce_trapdoor":2,"minecraft:beacon":4,"minecraft:lilac":1},"minecraft:mined":{"minecraft:birch_leaves":1},"minecraft:dropped":{"minecraft:wooden_axe":1,"minecraft:filled_map":1},"minecraft:picked_up":{"minecraft:wooden_axe":1}},"DataVersion":3953}